{
  "name": "angular-file-upload",
  "main": "dist/angular-file-upload.min.js",
  "homepage": "https://github.com/nervgh/angular-file-upload",
  "ignore": [
    "examples"
  ],
  "dependencies": {
    "angular": "^1.1.5"
  },
  "devDependencies": {
    "es5-shim": ">=3.4.0"
  },
  "keywords": [
    "angular",
    "file",
    "upload",
    "module"
  ],
  "version": "2.3.4",
  "_release": "2.3.4",
  "_resolution": {
    "type": "version",
    "tag": "v2.3.4",
    "commit": "4589f9b6a1c5cc4948755a74d9ef6a78e80eea52"
  },
  "_source": "https://github.com/nervgh/angular-file-upload.git",
  "_target": "^2.3.4",
  "_originalSource": "angular-file-upload"
}