{
  "name": "angular-spinner",
  "description": "Angular directive to show an animated spinner (using spin.js)",
  "main": "./angular-spinner.js",
  "author": "Uri Shaked",
  "license": "MIT",
  "homepage": "https://github.com/urish/angular-spinner",
  "ignore": [],
  "dependencies": {
    "angular": "~1.x",
    "spin.js": "~2.x"
  },
  "devDependencies": {
    "angular-mocks": "~1.x"
  },
  "repository": {
    "type": "git",
    "url": "git://github.com/urish/angular-spinner.git"
  },
  "version": "0.8.1",
  "_release": "0.8.1",
  "_resolution": {
    "type": "version",
    "tag": "0.8.1",
    "commit": "6cbf56991eb21756597ca675bbde804db136cbb5"
  },
  "_source": "https://github.com/urish/angular-spinner.git",
  "_target": "^0.8.1",
  "_originalSource": "angular-spinner"
}